{
  "validation": {
    "valueMissing": "Please fill out this field.",
    "typeMismatch": {
      "email": "Please enter a non-empty email address.",
      "url": "Please enter a non-empty URL."
    },
    "badInput": "Please enter a valid value.",
    "patternMismatch": "Please match the requested format.",
    "tooLong": "Please shorten this text to {} characters or less.",
    "tooShort": "Please lengthen this text to {} characters or more.",
    "rangeOverflow": "Value must be less than or equal to {}.",
    "rangeUnderflow": "Value must be greater than or equal to {}.",
    "stepMismatch": "Please enter a valid value.",
    "shoudBeNextDay": "Please enter a date after tomorrow.",
    "shouldBeThreeMonth": "Please enter a date within 3 months.",
    "mailOrAddressMismatch": "Email or password is invalid.",
    "existsMail": "Email has already been taken.",
    "passwordUnmatch": "Password doesn't match.",
    "underTenKb": "Please select a file with a size of 10 KB or less.",
    "onlyImageFile": "Please select an image file."
  },
  "user": {
    "gender": {
      "unregistered": "not answered",
      "male": "male",
      "female": "female",
      "other": "other"
    },
    "rank": {
      "premium": "Premium",
      "normal": "Normal"
    },
    "unregistered": "not answered",
    "notification": {
      "true": "received",
      "false": "not received"
    },
    "deleteConfirm": "If you cancel your membership, all information will be deleted.\nDo you wish to proceed?",
    "deleteComplete": "The process has been completed. Thank you for your service."
  },
  "plans": {
    "premiumOnly": "❤️Premium members ONLY❤️",
    "memberOnly": "members ONLY",
    "oneAdult": "{} per guest",
    "minHeadCount": "at least {} person(s)",
    "reserveLink": "Reserve room"
  },
  "reserve": {
    "planDescLong": "{} per night. If contains Sun or Sat, plus 25%. {} - {} persons. Max {} nights",
    "planDescShort": "{} per night. If contains Sun or Sat, plus 25%.",
    "roomInfo": "Room info",
    "totalBill": "Total {} (included taxes)",
    "term": "{} - {}. {} night(s)",
    "headCount": "{} person(s)",
    "breakfast": "Breakfast",
    "earlyCheckIn": "Early check-in",
    "sightseeing": "Sightseeing",
    "none": "none",
    "username": "{}",
    "contact": {
      "no": "not required",
      "email": "Email: {}",
      "tel": "Tel: {}"
    }
  }
}